日期及時間,配比 ,砂,三分石,六分石,耗用水,耗用II型水泥,耗用矽灰,耗用鋁泥,耗用爐石,耗用減水劑_澆置,耗用緩凝劑,耗用減水劑_離心,耗用藥劑4,耗用小計,扣水率(%),坍度(cm),混凝土溫度(℃),加料轉速,慢速轉速,中速轉速,高速轉速,加料時間,慢速時間,中速時間,高速時間,蒸養池,電流峰值,電流最小值,電流平均值,電流標準差,電流變化幅度,總拌合時間_秒,達到峰值時間_秒,平均溫度,平均濕度,總降水量,平均強度,水灰比,膠結料總量,水膠比,砂石比,設計強度,強度達成率
2024/4/1 14:30,M60,790,1103,0,103,267,27,0,59,0.0,0,0.0,2.91,2351.91,8.5,4.0,29.3,270.0,320.0,530.0,900.0,13.0,3.0,2.0,10.0,3.0,107.2,47.1,76.1,13.0,60.1,91.0,27.0,25.1,81.5,6.5,610.7,0.386,353,0.292,0.417,510,119.7
2024/4/2 14:37,M60,778,1103,0,115,265,29,0,60,0.0,0,0.0,2.95,2352.95,7.0,4.5,30.5,270.0,320.0,530.0,900.0,13.0,4.0,2.0,10.0,3.0,105.9,48.1,76.5,12.0,57.8,100.0,27.0,26.6,77.0,0.0,650.7,0.434,354,0.325,0.414,510,127.6
2024/4/9 14:27,M60,787,1104,0,111,299,0,0,92,0.0,0,0.0,2.94,2395.94,7.5,6.9,26.4,,,,,,,,,,102.8,48.7,72.4,11.3,54.1,93.0,28.0,21.0,78.3,0.0,646.0,0.371,391,0.284,0.416,510,126.7
2024/4/10 14:31,M60,783,1104,0,109,299,0,0,92,0.0,0,0.0,2.92,2389.92,7.5,8.6,28.4,,,,,,,,,,106.5,48.0,79.3,13.1,58.5,109.0,33.0,22.6,78.9,0.0,651.7,0.365,391,0.279,0.415,510,127.8
2024/4/15 14:37,M60,548,769,0,74,211,0,0,64,0.0,0,0.0,1.93,1667.93,8.0,9.5,31.1,,,,,,,,,,83.0,47.5,67.6,7.1,35.5,81.0,24.0,27.1,76.2,0.0,599.0,0.351,275,0.269,0.416,510,117.5
2024/4/17 14:22,M60,748,1138,0,109,267,26,0,59,0.0,0,0.0,2.75,2349.75,8.0,5.9,30.6,,,,,,,,,,107.7,49.0,78.7,13.3,58.7,80.0,27.0,26.5,74.6,0.0,416.3,0.408,352,0.31,0.397,510,81.6
2024/4/18 14:35,M60,532,796,0,66,209,0,0,64,0.0,0,0.0,1.97,1668.97,10.0,9.3,29.5,,,,,,,,,,87.6,48.4,73.0,9.2,39.2,80.0,27.0,26.6,71.4,0.0,541.3,0.316,273,0.242,0.401,510,106.1
2024/4/23 14:12,M60,826,887,161,115,299,0,0,91,0.0,0,0.0,2.63,2381.63,6.5,8.5,29.8,,,,,,,,,,106.5,47.7,75.0,14.7,58.8,84.0,34.0,26.2,79.2,1.0,516.7,0.385,390,0.295,0.441,510,101.3
2024/4/25 14:09,M60,843,887,166,99,298,0,0,93,0.0,0,0.0,2.58,2388.58,8.5,8.5,27.5,,,,,,,,,,109.0,48.7,74.0,13.5,60.3,80.0,29.0,22.8,94.0,21.0,572.7,0.332,391,0.253,0.445,510,112.3
2024/5/7 14:15,M60,762,943,163,115,265,28,0,59,0.0,0,0.0,2.64,2337.64,7.0,5.0,29.7,,,,,,,,,,107.6,47.5,80.5,15.0,60.1,70.0,25.0,26.0,81.3,0.0,630.3,0.434,352,0.327,0.408,510,123.6
2024/5/8 14:18,M60,774,945,162,105,268,26,0,59,0.0,0,0.0,2.65,2341.65,8.5,5.0,31.3,,,,,,,,,,115.5,47.7,84.5,15.2,67.8,101.0,20.0,26.0,74.6,0.0,662.3,0.392,353,0.297,0.411,510,129.9
2024/5/14 14:12,M60,747,922,157,104,257,27,0,58,0.0,0,0.0,2.01,2274.01,8.0,3.4,27.5,290.0,340.0,530.0,980.0,11.0,3.0,2.0,13.0,3.0,112.1,47.5,84.5,14.6,64.6,108.0,37.0,22.6,71.7,0.0,587.7,0.405,342,0.304,0.409,510,115.2
2024/5/20 14:12,M60,773,951,160,107,266,27,0,59,0.0,0,0.0,2.36,2345.36,8.0,3.0,29.6,270.0,320.0,530.0,900.0,19.0,4.0,2.0,10.0,2.0,111.0,48.1,86.4,13.4,62.9,95.0,34.0,25.9,81.6,0.0,651.0,0.402,352,0.304,0.41,510,127.6
2024/5/21 14:24,M60,724,892,156,101,249,26,0,55,0.0,0,0.0,2.23,2205.23,8.0,3.0,27.8,270.0,320.0,530.0,980.0,15.0,3.0,2.0,12.0,1.0,99.5,45.8,76.0,11.6,53.7,81.0,29.0,26.6,81.2,0.0,627.7,0.406,330,0.306,0.409,510,123.1
2024/5/23 14:18,M60,770,949,164,111,264,31,0,58,0.0,0,0.0,2.33,2349.33,7.5,4.5,28.2,270.0,320.0,530.0,900.0,15.0,1.0,2.0,10.0,4.0,110.2,45.7,77.9,15.1,64.5,81.0,21.0,26.3,82.1,0.0,637.7,0.42,353,0.314,0.409,510,125.0
2024/5/28 14:07,M60,727,904,156,102,255,25,0,56,0.0,0,0.0,2.24,2227.24,8.0,4.7,30.0,270.0,320.0,530.0,980.0,14.0,4.0,1.0,12.0,2.0,117.6,47.7,85.3,15.4,69.9,93.0,29.0,25.3,82.1,8.0,615.7,0.4,336,0.304,0.407,510,120.7
2024/5/29 14:09,M60,733,913,155,100,255,27,0,56,0.0,0,0.0,2.26,2241.26,8.5,3.0,30.3,270.0,320.0,530.0,980.0,11.0,4.0,2.0,12.0,3.0,103.6,47.0,82.0,12.6,56.6,87.0,26.0,25.4,80.9,0.5,596.3,0.392,338,0.296,0.407,510,116.9
2024/5/30 14:11,M60,734,913,153,99,256,28,0,56,0.0,0,0.0,2.54,2241.54,8.5,2.0,31.6,270.0,320.0,530.0,980.0,25.0,10.0,2.0,12.0,1.0,110.9,47.3,86.5,12.8,63.6,99.0,26.0,27.8,79.1,0.0,679.7,0.387,340,0.291,0.408,510,133.3
2024/6/3 14:15,M60,716,904,151,101,253,24,0,55,0.0,0,0.0,2.18,2206.18,8.0,4.3,28.0,280.0,320.0,530.0,980.0,14.0,4.0,1.0,12.0,2.0,108.9,47.5,83.5,12.5,61.4,106.0,28.0,23.4,76.8,0.0,397.3,0.399,332,0.304,0.404,510,77.9
2024/6/4 14:17,M60,726,914,157,105,254,25,0,56,0.0,0,0.0,2.22,2239.22,7.5,3.6,29.1,270.0,320.0,530.0,980.0,14.0,3.0,2.0,11.0,3.0,107.2,47.3,81.3,13.2,59.9,80.0,31.0,24.0,80.4,4.5,635.3,0.413,335,0.313,0.404,510,124.6
2024/6/5 14:06,M60,757,886,154,96,285,0,0,88,0.0,0,0.0,2.21,2268.21,8.5,2.0,29.5,270.0,320.0,530.0,980.0,14.0,3.0,2.0,11.0,3.0,118.4,46.3,93.7,20.2,72.1,98.0,47.0,24.9,88.0,1.0,573.3,0.337,373,0.257,0.421,510,112.4
2024/6/6 14:08,M60,759,884,154,98,285,0,0,87,0.0,0,0.0,2.44,2269.44,8.5,3.5,30.1,270.0,320.0,530.0,980.0,17.0,5.0,2.0,12.0,3.0,112.7,47.1,88.1,18.0,65.6,92.0,33.0,24.8,90.0,6.5,591.3,0.344,372,0.263,0.422,510,115.9
2024/6/11 14:09,M60,726,911,154,106,256,26,0,56,0.0,0,0.0,2.25,2237.25,7.5,2.7,25.1,270.0,320.0,530.0,980.0,14.0,3.0,2.0,12.0,2.0,111.9,47.0,86.9,13.4,64.9,106.0,34.0,28.4,76.6,1.0,603.7,0.414,338,0.314,0.405,510,118.4
2024/6/12 14:06,M60,727,894,155,104,253,27,0,58,0.0,0,0.0,2.49,2220.49,7.5,4.0,31.0,270.0,320.0,530.0,980.0,11.0,4.0,2.0,12.0,1.0,108.7,47.1,84.6,13.1,61.6,99.0,36.0,28.5,75.7,0.0,617.0,0.411,338,0.308,0.409,510,121.0
2024/6/18 14:11,M60,767,950,166,116,269,28,0,62,0.0,0,0.0,2.69,2360.69,7.0,4.0,32.5,270.0,320.0,530.0,900.0,13.0,3.0,2.0,10.0,1.0,119.2,48.0,84.0,13.6,71.2,121.0,31.0,29.3,74.5,0.0,630.3,0.431,359,0.323,0.407,510,123.6
2024/10/8 14:49,S60,888,1244,0,132,308,30,0,68,3.03,0,0.0,0.0,2673.03,6.5,3.0,29.2,200.0,280.0,750.0,1100.0,4.0,3.0,3.0,5.0,4.0,123.2,51.7,94.2,16.7,71.5,87.0,26.0,26.1,79.6,0.0,583.3,0.429,406,0.325,0.417,510,114.4
2024/10/15 13:48,S60,893,1288,0,146,318,32,0,72,3.33,0,0.0,0.0,2752.33,5.5,5.0,30.8,200.0,280.0,750.0,1100.0,4.0,3.0,3.0,5.0,4.0,110.0,51.5,85.4,12.1,58.5,82.0,29.0,26.8,84.1,0.0,540.0,0.459,422,0.346,0.409,510,105.9
2024/10/16 13:50,S60,901,1285,0,135,319,30,0,72,3.35,0,0.0,0.0,2745.35,6.8,5.2,30.1,230.0,280.0,700.0,1100.0,4.0,2.0,3.0,5.0,3.0,115.7,51.3,86.4,14.5,64.4,81.0,31.0,26.9,83.8,0.0,564.0,0.423,421,0.321,0.412,510,110.6
2024/10/21 13:27,S60,784,1124,0,119,278,30,0,64,3.17,0,0.0,0.0,2402.17,6.5,4.0,30.9,230.0,280.0,700.0,1100.0,4.0,4.0,3.0,5.0,1.0,103.5,52.2,78.5,10.7,51.3,82.0,28.0,26.1,82.1,0.0,582.0,0.428,372,0.32,0.411,510,114.1
2024/10/22 13:47,S60,772,1100,0,110,270,26,0,61,3.12,0,0.0,0.0,2342.12,7.5,4.2,30.3,230.0,280.0,700.0,1100.0,4.0,4.0,3.0,5.0,4.0,99.7,54.5,81.1,10.4,45.2,81.0,34.0,25.8,79.9,0.0,610.3,0.407,357,0.308,0.412,510,119.7
2024/10/23 13:26,S60,748,1069,0,110,265,27,0,58,2.91,0,0.0,0.0,2279.91,7.0,3.5,28.8,230.0,280.0,700.0,1100.0,8.0,4.0,2.0,6.0,1.0,106.3,53.0,81.0,10.8,53.3,81.0,27.0,23.6,75.9,0.0,653.3,0.415,350,0.314,0.412,510,128.1
2024/10/24 14:50,S60,914,1299,0,134,321,32,0,71,3.79,0,0.0,0.0,2774.79,7.0,5.5,28.3,230.0,280.0,700.0,1100.0,5.0,4.0,2.0,6.0,3.0,122.2,51.6,82.5,15.1,70.6,80.0,27.0,23.9,76.9,0.0,646.3,0.417,424,0.316,0.413,510,126.7
2024/10/28 13:23,S60,757,1094,0,119,268,27,0,57,2.93,0,0.0,0.0,2324.93,6.0,5.5,28.2,230.0,280.0,700.0,1100.0,4.0,2.0,3.0,5.0,4.0,104.7,51.9,81.6,11.3,52.8,81.0,32.0,24.9,82.3,0.0,,0.444,352,0.338,0.409,510,
2024/10/29 14:51,S60,915,1300,0,125,319,35,0,73,3.45,0,0.0,0.0,2770.45,8.0,4.2,29.2,230.0,280.0,700.0,1100.0,4.0,2.0,3.0,5.0,2.0,122.1,52.0,88.7,16.1,70.1,98.0,32.0,23.8,79.3,0.0,,0.392,427,0.293,0.413,510,
2024/11/6 14:42,S60,900,1320,0,118,320,36,0,72,3.11,0,0.0,0.0,2769.11,9.0,4.0,27.2,240.0,280.0,700.0,1100.0,4.0,4.0,2.0,5.0,4.0,119.4,51.9,81.4,19.2,67.5,82.0,35.0,22.0,65.5,0.0,622.3,0.369,428,0.276,0.405,510,122.0
2024/11/7 13:23,S60,729,1090,0,104,263,25,0,59,2.56,0,0.0,0.0,2272.56,8.0,3.5,27.0,230.0,280.0,700.0,1100.0,4.0,4.0,2.0,5.0,1.0,99.9,53.2,82.2,10.1,46.7,84.0,25.0,21.8,71.3,0.0,595.0,0.395,347,0.3,0.401,510,116.7
2024/11/11 13:22,S60,728,1089,0,108,263,26,0,61,2.57,0,0.0,0.0,2277.57,7.5,5.7,28.8,230.0,280.0,700.0,1100.0,4.0,4.0,2.0,5.0,4.0,101.8,51.9,79.1,10.3,49.9,90.0,32.0,23.7,85.0,0.0,592.7,0.411,350,0.309,0.401,510,116.2
2024/11/12 13:23,S60,732,1091,0,103,265,25,0,58,2.56,0,0.0,0.0,2276.56,8.0,5.0,28.0,230.0,280.0,700.0,1100.0,4.0,2.0,2.0,5.0,1.0,102.5,51.9,82.1,10.4,50.6,83.0,28.0,24.3,89.1,0.0,,0.389,348,0.296,0.402,510,
2024/11/18 13:24,S60,708,1092,0,127,263,26,0,60,2.11,0,0.0,0.0,2278.11,4.5,5.5,25.8,230.0,280.0,700.0,1100.0,4.0,2.0,2.0,5.0,1.0,101.3,52.0,81.2,10.9,49.3,81.0,31.0,21.7,77.6,0.0,537.0,0.483,349,0.364,0.393,510,105.3
2024/11/19 13:27,S60,718,1081,0,110,257,26,0,60,2.06,0,0.0,0.0,2254.06,7.0,1.0,25.3,230.0,280.0,700.0,1100.0,4.0,7.0,2.0,5.0,1.0,106.9,51.6,87.6,11.3,55.3,97.0,28.0,20.8,79.5,0.0,,0.428,343,0.321,0.399,510,
2024/11/20 13:23,S60,725,1104,0,115,269,22,0,59,2.11,0,0.0,0.0,2296.11,6.5,3.0,27.5,230.0,280.0,700.0,1100.0,4.0,4.0,2.0,5.0,1.0,109.4,52.5,90.4,10.8,56.9,128.0,27.0,21.7,82.5,0.0,596.0,0.428,350,0.329,0.396,510,116.9
2024/11/21 13:53,S60,519,743,0,69,179,19,0,41,1.43,0,0.0,0.0,1571.43,8.0,2.5,26.5,230.0,280.0,700.0,1100.0,5.0,2.0,2.0,6.0,3.0,84.6,54.9,73.5,6.1,29.7,82.0,20.0,21.0,80.6,0.0,531.0,0.385,239,0.289,0.411,510,104.1
2024/11/25 14:05,S60,511,743,0,76,180,19,0,43,1.42,0,0.0,0.0,1573.42,6.5,0.5,26.6,230.0,280.0,700.0,1100.0,5.0,2.0,2.0,6.0,2.0,82.0,52.5,73.1,6.5,29.5,81.0,36.0,22.0,85.4,0.0,577.0,0.422,242,0.314,0.407,510,113.1
2024/11/26 13:25,S60,737,1068,0,119,261,26,0,59,2.04,0,0.0,0.0,2272.04,5.5,1.6,26.3,230.0,280.0,700.0,1100.0,4.0,7.0,2.0,5.0,4.0,106.7,53.7,89.3,12.8,53.0,80.0,25.0,19.7,78.1,0.0,580.0,0.456,346,0.344,0.408,510,113.7
2024/11/28 13:50,S60,535,778,0,80,190,16,0,41,1.49,0,0.0,0.0,1641.49,6.5,6.0,23.7,230.0,280.0,700.0,1100.0,5.0,1.0,2.0,6.0,3.0,87.7,54.9,77.7,6.5,32.8,84.0,26.0,17.3,58.6,0.0,,0.421,247,0.324,0.407,510,
2024/12/3 13:50,S60,523,808,0,81,190,19,0,43,1.71,0,0.0,0.0,1665.71,7.0,5.5,22.5,230.0,280.0,700.0,1100.0,5.0,2.0,2.0,6.0,2.0,89.7,55.5,77.4,7.3,34.2,81.0,23.0,21.3,78.9,0.0,567.0,0.426,252,0.321,0.393,510,111.2
2024/12/4 14:20,S60,549,750,0,79,185,22,0,43,1.3,0,0.0,0.0,1629.3,6.5,6.0,26.0,230.0,280.0,700.0,1000.0,5.0,2.0,2.0,6.0,4.0,80.6,52.7,69.9,6.1,27.9,81.0,25.0,20.8,74.4,0.0,542.7,0.427,250,0.316,0.423,510,106.4
2024/12/5 13:49,S60,539,751,0,86,186,20,0,41,1.27,0,0.0,0.0,1624.27,5.0,4.4,25.8,230.0,280.0,700.0,1000.0,5.0,2.0,2.0,6.0,2.0,84.9,53.9,72.7,6.6,31.0,83.0,26.0,20.1,74.9,0.0,566.0,0.462,247,0.348,0.418,510,111.0
2024/12/9 13:57,S60,537,732,0,69,180,24,0,40,1.26,0,0.0,0.0,1583.26,8.0,3.5,24.8,230.0,280.0,700.0,1000.0,5.0,6.0,2.0,6.0,2.0,86.2,53.0,75.4,6.7,33.2,85.0,35.0,19.1,69.8,0.0,556.0,0.383,244,0.283,0.423,510,109.0
2024/12/10 14:22,S60,538,754,0,84,184,22,0,41,1.31,0,0.0,0.0,1624.31,5.5,5.0,24.7,230.0,280.0,700.0,1000.0,5.0,1.0,2.0,6.0,3.0,84.6,54.0,72.9,6.3,30.6,83.0,19.0,19.3,82.1,0.0,538.3,0.457,247,0.34,0.416,510,105.5
2024/12/16 14:28,S60,905,1260,0,145,314,33,0,69,2.12,0,0.0,0.0,2728.12,5.0,5.0,18.8,230.0,280.0,700.0,1000.0,5.0,2.0,2.0,6.0,4.0,125.9,54.9,92.6,15.1,71.0,84.0,26.0,14.7,68.9,0.0,534.3,0.462,416,0.349,0.418,510,104.8
2024/12/17 14:17,S60,903,1249,0,136,312,33,0,69,2.27,0,0.0,0.0,2704.27,6.0,2.5,22.5,230.0,280.0,700.0,1000.0,4.0,3.0,2.0,5.0,1.0,121.9,55.1,91.7,14.6,66.8,86.0,26.0,16.3,76.2,0.0,540.7,0.436,414,0.329,0.42,510,106.0
2024/12/18 13:58,S60,525,729,0,79,183,21,0,39,1.33,0,0.0,0.0,1577.33,6.0,4.5,21.1,230.0,280.0,700.0,1000.0,5.0,2.0,2.0,6.0,1.0,84.9,54.0,72.8,6.7,30.9,80.0,21.0,16.3,62.9,0.0,569.7,0.432,243,0.325,0.419,510,111.7
2024/12/24 13:25,S60,762,1066,0,119,295,28,0,27,1.75,0,0.0,0.0,2298.75,5.5,4.5,21.6,230.0,280.0,700.0,1000.0,4.0,4.0,2.0,5.0,4.0,98.3,52.5,78.7,10.9,45.8,81.0,28.0,16.5,91.4,10.5,546.3,0.403,350,0.34,0.417,510,107.1
2024/12/26 13:59,S60,737,1033,0,108,284,28,0,27,1.73,0,0.0,0.0,2218.73,6.5,2.2,24.5,230.0,280.0,700.0,1000.0,4.0,7.0,2.0,5.0,1.0,105.8,53.4,81.7,12.3,52.4,82.0,29.0,19.0,79.4,0.0,565.0,0.38,339,0.319,0.416,510,110.8
2024/12/30 15:53,M60,626,811,112,95,267,23,0,0,1.49,0,0.0,0.0,1935.49,6.5,3.7,22.1,330.0,480.0,600.0,1080.0,15.0,8.0,2.0,18.0,2.0,88.8,54.5,76.8,8.0,34.3,83.0,34.0,17.7,78.4,0.0,619.7,0.356,290,0.328,0.404,510,121.5
2025/1/6 14:19,M60,771,987,140,120,326,28,0,0,1.77,0,0.0,0.0,2373.77,6.0,2.5,21.0,270.0,320.0,530.0,900.0,15.0,2.0,2.0,10.0,4.0,106.7,55.0,84.6,10.4,51.7,86.0,26.0,16.1,70.4,0.0,566.7,0.368,354,0.339,0.406,510,111.1
2025/1/7 14:25,M60,786,984,136,106,300,0,0,88,2.43,0,0.0,0.0,2402.43,8.0,4.6,22.1,270.0,320.0,530.0,900.0,13.0,2.0,2.0,10.0,3.0,111.9,52.7,82.3,15.9,59.2,87.0,32.0,16.3,67.2,0.0,578.0,0.353,388,0.273,0.412,510,113.3
2025/1/13 14:26,M60,783,988,136,117,327,27,0,0,1.74,0,0.0,0.0,2379.74,6.5,4.2,20.2,270.0,320.0,530.0,900.0,15.0,3.0,2.0,10.0,3.0,102.3,54.7,82.6,11.0,47.6,83.0,33.0,15.5,60.2,0.0,568.7,0.358,354,0.331,0.411,510,111.5
2025/1/14 14:29,M60,781,989,135,117,327,28,0,0,1.75,0,0.0,0.0,2378.75,6.5,4.0,21.7,270.0,320.0,530.0,900.0,13.0,2.0,2.0,10.0,1.0,104.1,54.9,80.5,10.7,49.2,83.0,29.0,16.3,77.6,1.0,551.7,0.358,355,0.33,0.41,510,108.2
2025/1/22 16:05,M60,728,902,121,80,297,24,0,0,1.62,0,0.0,0.0,2153.62,10.5,5.6,22.0,270.0,320.0,530.0,980.0,14.0,4.0,2.0,12.0,1.0,103.5,53.2,80.3,9.3,50.3,110.0,28.0,17.4,84.2,0.0,564.0,0.269,321,0.249,0.416,510,110.6
2025/1/23 15:10,M60,791,991,136,95,265,28,0,57,2.01,0,0.0,0.0,2365.01,9.5,7.6,21.8,270.0,320.0,530.0,900.0,13.0,3.0,2.0,10.0,1.0,105.6,53.0,82.9,11.8,52.6,95.0,35.0,17.5,81.2,0.0,552.0,0.358,350,0.271,0.412,510,108.2
2025/2/3 14:26,M60,762,997,138,132,328,24,0,0,1.78,0,0.0,0.0,2382.78,4.5,4.8,17.3,270.0,320.0,530.0,900.0,14.0,0.0,2.0,10.0,4.0,102.2,53.1,81.3,10.6,49.1,85.0,25.0,13.3,83.5,0.0,601.7,0.402,352,0.375,0.402,510,118.0
2025/2/4 14:20,M60,765,996,138,125,327,24,0,0,1.76,0,0.0,0.0,2376.76,5.5,4.2,18.4,270.0,320.0,530.0,900.0,13.0,2.0,2.0,10.0,3.0,105.4,53.4,82.7,11.6,52.0,83.0,33.0,12.8,67.2,0.0,575.0,0.382,351,0.356,0.403,510,112.7
2025/2/5 14:20,M60,769,984,136,128,327,23,0,0,1.77,0,0.0,0.0,2368.77,5.0,5.3,20.2,270.0,320.0,530.0,900.0,12.0,2.0,2.0,10.0,1.0,102.5,52.5,80.7,10.3,50.0,84.0,26.0,15.3,62.9,0.0,568.3,0.391,350,0.366,0.407,510,111.4
2025/2/7 15:46,M60,686,887,125,112,295,23,0,0,1.61,0,0.0,0.0,2129.61,5.5,3.7,52.0,270.0,320.0,530.0,980.0,12.0,3.0,2.0,12.0,3.0,96.9,54.5,80.4,8.1,42.4,92.0,27.0,14.6,75.8,0.0,580.0,0.38,318,0.352,0.404,510,113.7
2025/2/10 14:19,M60,771,986,135,132,347,24,0,0,2.12,0,0.0,0.0,2397.12,4.5,3.4,21.6,270.0,320.0,530.0,900.0,13.0,3.0,2.0,10.0,2.0,109.9,56.0,83.9,11.2,53.9,80.0,26.0,15.2,75.8,0.0,611.7,0.38,371,0.356,0.408,510,119.9
2025/2/11 14:23,M60,771,985,133,128,290,19,0,57,2.31,0,0.0,0.0,2385.31,5.0,5.5,20.0,270.0,320.0,530.0,900.0,13.0,3.0,2.0,10.0,4.0,101.8,54.0,78.4,10.5,47.8,80.0,26.0,16.1,85.4,0.0,590.0,0.441,366,0.35,0.408,510,115.7
2025/2/12 14:25,M60,773,986,133,125,346,23,0,0,2.1,0,0.0,0.0,2388.1,5.5,4.5,22.3,270.0,320.0,530.0,900.0,14.0,3.0,2.0,10.0,3.0,106.5,53.0,81.8,12.0,53.5,81.0,28.0,16.6,96.9,17.0,621.3,0.361,369,0.339,0.409,510,121.8
2025/2/18 14:07,M60,783,985,131,125,346,28,0,0,2.13,0,0.0,0.0,2400.13,5.5,2.5,21.9,270.0,320.0,530.0,900.0,13.0,3.0,2.0,10.0,2.0,108.7,57.0,86.8,11.7,51.7,88.0,27.0,16.6,79.3,0.0,593.7,0.361,374,0.334,0.412,510,116.4
2025/2/19 14:05,M60,778,984,136,121,286,24,0,61,2.33,0,0.0,0.0,2392.33,6.0,3.8,22.2,270.0,320.0,530.0,900.0,12.0,2.0,2.0,10.0,3.0,109.7,54.9,86.0,12.0,54.8,92.0,32.0,16.6,82.6,0.0,610.0,0.423,371,0.326,0.41,510,119.6
2025/2/20 14:07,M60,777,984,137,122,288,24,0,60,2.33,0,0.0,0.0,2394.33,6.0,3.7,22.7,270.0,320.0,530.0,900.0,13.0,0.0,2.0,10.0,3.0,112.6,56.2,89.7,12.5,56.4,89.0,25.0,16.8,88.0,0.0,637.0,0.424,372,0.328,0.409,510,124.9
2025/2/26 08:58,M60,572,773,104,91,263,24,0,0,1.47,0,0.0,0.0,1828.47,6.5,4.7,19.7,270.0,320.0,530.0,900.0,14.0,0.0,2.0,10.0,3.0,92.6,54.6,80.9,8.1,38.0,105.0,24.0,15.8,84.4,0.0,618.7,0.346,287,0.317,0.395,510,121.3
2025/3/3 09:09,M60,572,776,102,93,214,21,0,46,1.78,0,0.0,0.0,1825.78,6.0,2.7,24.8,270.0,320.0,530.0,900.0,13.0,2.0,2.0,11.0,4.0,92.6,56.0,81.0,8.1,36.6,83.0,28.0,24.5,71.1,0.0,636.0,0.435,281,0.331,0.394,510,124.7
2025/3/5 09:12,M60,641,861,116,99,295,23,0,0,1.82,0,0.0,0.0,2036.82,7.0,6.7,22.0,270.0,320.0,530.0,900.0,11.0,5.0,2.0,11.0,2.0,101.9,55.9,84.8,11.0,46.0,80.0,30.0,19.7,90.9,0.5,570.0,0.336,318,0.311,0.396,510,111.8
2025/3/10 14:30,M60,573,751,95,71,203,22,0,41,1.63,0,0.0,0.0,1757.63,8.5,1.7,19.3,280.0,320.0,530.0,900.0,24.0,10.0,2.0,11.0,2.0,110.9,56.0,95.6,11.5,54.9,111.0,37.0,18.0,86.0,0.0,663.0,0.35,266,0.267,0.404,510,130.0
2025/3/11 14:35,M60,885,1296,177,128,339,27,0,70,2.71,0,0.0,0.0,2924.71,8.0,7.1,25.4,330.0,320.0,530.0,900.0,11.0,3.0,2.0,11.0,4.0,141.5,55.2,111.0,16.2,86.3,200.0,30.0,21.0,77.3,0.0,626.7,0.378,436,0.294,0.375,510,122.9
2025/3/12 14:27,M60,858,1277,166,134,333,28,0,74,2.88,0,0.0,0.0,2872.88,7.0,5.3,27.3,280.0,320.0,530.0,900.0,12.0,2.0,2.0,11.0,4.0,139.5,55.4,100.9,17.5,84.1,100.0,27.0,23.7,72.0,0.0,566.0,0.402,435,0.308,0.373,510,111.0
2025/3/20 07:54,M60,880,1267,160,145,405,29,0,0,2.45,0,0.0,0.0,2888.45,5.5,1.6,19.1,270.0,320.0,530.0,900.0,17.0,6.0,2.0,11.0,3.0,144.6,58.6,117.3,15.4,86.0,166.0,85.0,15.9,68.3,0.0,667.0,0.358,434,0.334,0.381,510,130.8
2025/3/24 08:11,M60,554,791,102,85,251,21,0,0,1.51,0,0.0,0.0,1805.51,6.5,1.7,21.0,280.0,340.0,530.0,900.0,26.0,8.0,2.0,11.0,3.0,96.2,57.9,85.7,8.7,38.3,82.0,35.0,21.1,56.9,0.0,589.3,0.339,272,0.312,0.383,510,115.5
2025/3/25 08:43,M60,786,1073,138,121,348,27,0,0,2.1,0,0.0,0.0,2495.1,6.0,0.5,23.8,270.0,320.0,530.0,900.0,14.0,5.0,2.0,10.0,2.0,115.0,56.6,96.2,12.9,58.4,102.0,38.0,22.7,65.6,0.0,601.3,0.348,375,0.323,0.394,510,117.9
2025/3/26 08:45,M60,911,1256,162,145,339,35,0,69,2.68,0,0.0,0.0,2919.68,5.5,4.2,24.3,280.0,320.0,530.0,900.0,12.0,4.0,2.0,11.0,4.0,132.7,55.8,100.1,18.5,76.9,85.0,32.0,23.9,70.1,0.0,597.7,0.428,443,0.327,0.391,510,117.2
2025/4/9 12:59,S60,796,1267,0,137,325,34,0,67,2.66,0,0.0,0.0,2628.66,5.5,3.6,27.8,220.0,250.0,700.0,1000.0,4.0,2.0,2.0,5.0,3.0,121.8,55.4,89.8,14.2,66.4,81.0,27.0,24.7,71.2,0.0,633.0,0.422,426,0.322,0.386,510,124.1
2025/4/10 13:47,S60,848,1359,0,156,348,37,0,73,2.84,0,0.0,0.0,2823.84,4.5,3.4,28.0,220.0,250.0,700.0,1000.0,4.0,3.0,2.0,5.0,2.0,127.4,54.6,95.7,16.8,72.8,82.0,33.0,24.7,79.3,0.0,673.0,0.448,458,0.341,0.384,510,132.0
2025/5/6 12:59,S60,797,1278,0,137,322,34,0,70,2.88,0,0.0,0.0,2640.88,5.5,4.6,31.0,220.0,250.0,700.0,1000.0,4.0,3.0,2.0,5.0,1.0,120.2,56.0,95.1,13.5,64.2,88.0,26.0,27.5,81.6,4.0,651.7,0.425,426,0.322,0.384,510,127.8
2025/5/7 12:59,S60,797,1280,0,137,323,34,0,71,2.73,0,0.0,0.0,2644.73,5.5,3.6,29.3,220.0,250.0,700.0,1000.0,4.0,3.0,2.0,5.0,2.0,126.4,56.9,100.8,15.1,69.5,99.0,27.0,25.2,86.8,0.0,645.0,0.424,428,0.32,0.384,510,126.5
2025/5/12 12:59,S60,793,1284,0,142,323,33,0,68,2.72,0,0.0,0.0,2645.72,5.0,3.7,26.5,220.0,250.0,700.0,1000.0,4.0,2.0,2.0,5.0,4.0,122.2,56.3,96.3,14.2,65.9,89.0,29.0,23.6,83.7,0.0,595.3,0.44,424,0.335,0.382,510,116.7
2025/5/13 12:59,S60,795,1286,0,141,322,35,0,70,2.71,0,0.0,0.0,2651.71,5.0,3.8,29.3,220.0,250.0,700.0,1000.0,4.0,3.0,2.0,5.0,1.0,126.6,56.9,96.0,14.2,69.7,92.0,26.0,24.9,73.9,0.0,606.3,0.438,427,0.33,0.382,510,118.9
2025/5/15 13:51,S60,806,1310,0,144,331,33,0,69,2.95,0,0.0,0.0,2695.95,5.0,1.2,30.9,220.0,250.0,700.0,1000.0,5.0,2.0,2.0,6.0,3.0,128.1,55.9,94.8,15.7,72.2,80.0,27.0,27.0,67.4,0.0,637.7,0.435,433,0.333,0.381,510,125.0
2025/5/19 13:56,S60,758,1279,0,157,323,31,0,68,2.9,0,0.0,0.0,2618.9,3.0,5.7,32.4,220.0,250.0,700.0,1000.0,5.0,2.0,2.0,6.0,3.0,114.4,54.9,88.3,12.7,59.5,81.0,32.0,28.3,75.8,0.0,646.3,0.486,422,0.372,0.372,510,126.7
2025/5/20 13:46,S60,778,1315,0,158,333,34,0,69,2.99,0,0.0,0.0,2689.99,3.5,4.2,32.3,220.0,250.0,700.0,1000.0,4.0,0.0,2.0,5.0,4.0,124.2,54.7,93.9,13.4,69.5,89.0,31.0,29.3,70.7,0.0,580.0,0.474,436,0.362,0.372,510,113.7
2025/5/26 14:07,S60,571,951,0,91,237,25,0,50,1.94,0,0.0,0.0,1926.94,7.5,5.3,26.7,220.0,250.0,700.0,1000.0,7.0,0.0,2.0,8.0,4.0,98.8,55.9,80.6,8.6,42.9,97.0,32.0,21.7,80.6,0.0,635.0,0.384,312,0.292,0.375,510,124.5
2025/5/28 13:53,S60,807,1347,0,133,335,28,0,72,2.91,0,0.0,0.0,2724.91,7.0,8.7,29.7,220.0,250.0,700.0,1000.0,4.0,0.0,2.0,5.0,3.0,130.8,54.3,94.4,15.7,76.5,95.0,27.0,26.0,80.9,0.0,666.7,0.397,435,0.306,0.375,510,130.7
2025/6/2 13:51,S60,788,1320,0,146,332,27,0,67,2.78,0,0.0,0.0,2682.78,5.0,4.2,30.4,220.0,250.0,700.0,1000.0,4.0,1.0,2.0,5.0,3.0,120.4,54.6,93.5,15.2,65.8,81.0,26.0,27.7,88.5,2.0,594.0,0.44,426,0.343,0.374,510,116.5
2025/6/4 15:03,S60,810,1328,0,134,334,32,0,67,2.82,0,0.0,0.0,2707.82,7.0,5.3,29.6,220.0,250.0,700.0,1000.0,4.0,2.0,2.0,5.0,2.0,114.8,54.0,87.2,13.9,60.8,81.0,27.0,25.4,97.9,14.5,644.3,0.401,433,0.309,0.379,510,126.3
2025/6/9 13:44,S60,823,1353,0,140,342,27,0,72,3.09,0,0.0,0.0,2760.09,6.5,3.9,32.4,220.0,250.0,700.0,1000.0,4.0,1.0,2.0,5.0,1.0,128.9,54.6,96.3,16.9,74.3,85.0,32.0,28.8,82.4,0.5,642.0,0.409,441,0.317,0.378,510,125.9
2025/6/11 13:46,S60,807,1335,0,140,332,30,0,68,3.03,0,0.0,0.0,2715.03,6.0,3.4,32.5,220.0,250.0,700.0,1000.0,4.0,0.0,2.0,5.0,1.0,120.2,53.9,91.9,15.9,66.3,80.0,26.0,28.7,81.4,0.0,620.0,0.422,430,0.326,0.377,510,121.6
2025/6/12 13:51,S60,806,1327,0,132,333,29,0,68,3.0,0,0.0,0.0,2698.0,7.0,3.5,31.9,220.0,250.0,700.0,1000.0,4.0,0.0,2.0,5.0,4.0,123.6,52.9,92.1,16.5,70.7,80.0,28.0,27.6,85.3,2.0,653.3,0.396,430,0.307,0.378,510,128.1
2025/6/16 13:53,S60,784,1325,0,141,328,30,0,67,2.98,0,0.0,0.0,2677.98,5.5,4.4,31.0,220.0,250.0,700.0,1000.0,5.0,2.0,2.0,6.0,2.0,124.8,54.7,92.3,15.1,70.1,84.0,31.0,29.0,72.8,0.5,661.0,0.43,425,0.332,0.372,510,129.6
2025/6/17 14:44,S60,779,1304,0,132,323,29,0,67,2.94,0,0.0,0.0,2636.94,6.5,8.8,31.9,220.0,250.0,700.0,1000.0,5.0,2.0,2.0,6.0,1.0,116.7,56.5,85.6,13.3,60.2,80.0,27.0,27.9,79.8,1.5,650.7,0.409,419,0.315,0.374,510,127.6
2025/6/24 14:01,S60,717,1206,0,134,303,27,0,60,2.75,0,0.0,0.0,2449.75,5.0,4.3,33.1,220.0,250.0,700.0,1000.0,4.0,2.0,2.0,5.0,2.0,106.0,54.0,85.1,11.7,52.0,80.0,34.0,29.6,67.4,0.0,,0.442,390,0.344,0.373,510,
2025/8/27 08:28,S60,463,783,0,88,199,19,0,39,0.0,0,1.46,0.0,1592.46,5.0,4.2,30.7,220.0,250.0,700.0,1000.0,4.0,4.0,2.0,6.0,4.0,88.9,53.2,76.3,6.8,35.7,83.0,22.0,28.6,75.4,0.0,,0.442,257,0.342,0.372,510,
2025/8/28 08:00,S60,653,1106,0,126,278,26,0,57,0.0,0,2.07,0.0,2248.07,4.5,3.0,29.8,220.0,250.0,700.0,1000.0,4.0,3.0,2.0,5.0,4.0,106.5,54.1,92.3,11.8,52.4,88.0,25.0,28.0,81.1,0.0,,0.453,361,0.349,0.371,510,
2025/9/1 08:00,S60,677,1109,0,117,281,23,0,56,0.0,0,2.06,0.0,2265.06,6.0,2.2,30.9,220.0,250.0,700.0,1000.0,4.0,6.0,2.0,5.0,4.0,114.7,55.5,97.4,12.4,59.2,97.0,34.0,29.0,77.7,0.0,,0.416,360,0.325,0.379,510,
2025/9/8 08:27,S60,465,796,0,91,199,15,0,36,0.0,0,1.52,0.0,1603.52,4.5,4.2,30.7,220.0,250.0,700.0,1000.0,5.0,3.0,2.0,6.0,4.0,91.0,55.9,80.6,6.8,35.1,85.0,24.0,28.9,70.6,0.5,,0.457,250,0.364,0.369,510,
2025/9/10 08:27,S60,519,775,0,83,201,15,0,38,0.0,0,1.94,0.0,1632.94,5.0,7.6,31.4,220.0,250.0,700.0,1000.0,5.0,2.0,2.0,5.0,4.0,88.6,54.4,80.0,7.4,34.2,82.0,25.0,29.5,71.1,0.0,,0.413,254,0.327,0.401,510,
2025/9/15 10:25,S60,883,1315,0,150,348,28,0,69,0.0,0,3.51,0.0,2796.51,4.0,4.2,32.2,220.0,250.0,700.0,1000.0,4.0,0.0,2.0,5.0,3.0,124.6,54.6,90.9,15.3,70.0,81.0,30.0,28.9,72.7,0.0,,0.431,445,0.337,0.402,510,
2025/9/16 09:55,S60,876,1305,0,148,346,26,0,69,0.0,0,3.48,0.0,2773.48,4.0,6.8,32.0,220.0,250.0,700.0,1000.0,4.0,1.0,2.0,5.0,4.0,125.7,53.7,92.6,16.1,72.0,82.0,30.0,29.2,71.3,0.0,781.0,0.428,441,0.336,0.402,510,153.1
2025/9/22 13:55,S60,882,1283,0,145,338,26,0,65,0.0,0,3.42,0.0,2742.42,4.0,2.7,32.6,220.0,350.0,700.0,1000.0,5.0,5.0,2.0,6.0,1.0,127.9,54.5,99.0,18.8,73.4,84.0,35.0,29.1,80.6,0.0,576.7,0.429,429,0.338,0.407,510,113.1
2025/9/23 13:54,S60,866,1251,0,128,330,27,0,63,0.0,0,3.12,0.0,2668.12,5.5,4.2,31.1,220.0,250.0,700.0,1000.0,5.0,3.0,2.0,6.0,1.0,133.0,52.5,98.7,17.6,80.5,95.0,26.0,25.9,93.5,21.5,712.3,0.388,420,0.305,0.409,510,139.7
2025/9/24 09:44,S60,866,1249,0,133,331,26,0,62,0.0,0,3.07,0.0,2670.07,5.0,4.6,30.1,230.0,350.0,700.0,1000.0,4.0,4.0,2.0,6.0,1.0,120.4,53.0,90.4,15.3,67.4,81.0,27.0,26.3,89.1,1.0,,0.402,419,0.317,0.409,510,
2025/10/2 08:20,M60,854,1195,0,145,318,23,0,60,0.0,0,3.22,0.0,2598.22,3.0,3.9,30.9,330.0,480.0,600.0,1060.0,14.0,5.0,2.0,17.0,4.0,119.8,54.9,89.1,13.0,64.9,83.0,27.0,29.2,73.3,0.0,,0.456,401,0.362,0.417,510,
2025/10/8 13:06,M60,859,1206,0,142,318,25,0,61,0.0,0,3.48,0.0,2614.48,3.5,4.9,32.5,330.0,480.0,600.0,1060.0,14.0,5.0,2.0,17.0,4.0,108.5,53.4,89.1,12.4,55.1,83.0,34.0,28.6,78.0,0.0,,0.447,404,0.351,0.416,510,
2025/10/13 08:53,M60,520,738,0,86,197,12,0,37,0.0,0,1.98,0.0,1591.98,3.5,4.2,31.2,270.0,320.0,530.0,930.0,17.0,1.0,2.0,10.0,4.0,84.5,54.1,76.0,6.3,30.4,80.0,20.0,28.5,72.6,0.0,,0.437,246,0.35,0.413,510,
2025/10/15 08:58,M60,513,728,0,84,191,12,0,35,0.0,0,1.94,0.0,1564.94,4.0,4.8,31.3,270.0,330.0,570.0,950.0,11.0,3.0,2.0,10.0,3.0,87.8,55.6,78.4,7.0,32.2,80.0,35.0,28.8,79.3,0.0,,0.44,238,0.353,0.413,510,
2025/10/16 08:51,M60,518,738,0,82,198,13,0,37,0.0,0,1.97,0.0,1587.97,4.5,5.0,29.7,270.0,320.0,530.0,930.0,15.0,1.0,2.0,10.0,3.0,84.3,54.3,77.1,6.3,30.0,82.0,32.0,28.6,78.3,0.0,,0.414,248,0.331,0.412,510,
2025/10/20 09:41,M60,561,804,0,91,210,15,0,39,0.0,0,2.14,0.0,1722.14,4.0,3.1,30.8,275.0,320.0,530.0,930.0,15.0,2.0,2.0,11.0,3.0,90.7,54.1,81.9,7.2,36.6,116.0,30.0,26.5,78.9,0.0,,0.433,264,0.345,0.411,510,
2025/10/21 09:39,M60,563,816,0,93,214,15,0,41,0.0,0,2.18,0.0,1744.18,4.0,3.0,28.7,275.0,320.0,530.0,930.0,17.0,0.0,2.0,11.0,3.0,89.3,54.6,80.3,7.3,34.7,83.0,28.0,25.1,74.3,0.0,,0.435,270,0.344,0.408,510,
2025/10/22 08:40,M60,758,1100,0,133,291,21,0,57,0.0,0,2.95,0.0,2362.95,3.0,5.9,27.7,270.0,320.0,530.0,930.0,15.0,0.0,2.0,10.0,3.0,104.0,55.8,85.9,10.0,48.2,83.0,30.0,25.0,77.3,0.0,,0.457,369,0.36,0.408,510,
2025/10/28 08:46,M60,540,749,0,86,197,19,0,41,0.0,0,1.98,0.0,1633.98,4.0,3.4,27.3,270.0,320.0,530.0,930.0,18.0,0.0,2.0,10.0,2.0,89.4,55.7,80.4,7.3,33.7,80.0,22.0,22.3,94.3,0.5,,0.437,257,0.335,0.419,510,
2025/11/3 09:43,M60,664,924,0,109,245,24,0,49,0.0,0,2.53,0.0,2017.53,3.5,4.9,26.6,290.0,350.0,530.0,980.0,11.0,5.0,2.0,13.0,3.0,95.7,54.9,83.6,8.8,40.8,82.0,34.0,23.1,72.1,0.0,,0.445,318,0.343,0.418,510,
2025/11/4 09:35,M60,659,912,0,104,240,24,0,49,0.0,0,2.51,0.0,1990.51,4.0,3.2,27.4,290.0,350.0,530.0,980.0,13.0,4.0,2.0,13.0,3.0,100.5,55.6,89.3,10.1,44.9,82.0,42.0,23.6,75.6,0.0,,0.433,313,0.332,0.419,510,
2025/11/10 08:42,M60,535,745,0,91,196,19,0,42,0.0,0,2.05,0.0,1630.05,3.0,7.2,27.4,270.0,320.0,530.0,930.0,16.0,3.0,2.0,10.0,3.0,89.6,57.7,83.0,6.3,31.9,97.0,37.0,24.7,77.1,0.0,,0.464,257,0.354,0.418,510,
2025/11/11 08:41,M60,665,908,0,98,294,0,0,49,0.0,0,2.5,0.0,2016.5,5.0,3.0,27.8,290.0,350.0,530.0,980.0,10.0,4.0,2.0,13.0,4.0,103.5,56.0,87.0,14.5,47.5,84.0,35.0,24.2,90.0,0.0,,0.333,343,0.286,0.423,510,
2025/11/25 08:46,M60,544,735,0,74,238,0,0,41,0.0,0,1.98,0.0,1633.98,6.0,4.6,24.6,270.0,320.0,530.0,930.0,15.0,1.0,2.0,10.0,2.0,92.5,55.2,81.8,11.5,37.3,80.0,54.0,21.6,63.7,0.0,,0.311,279,0.265,0.425,510,
2025/12/1 08:52,M60,549,746,0,76,172,9,0,102,0.0,0,1.88,0.0,1655.88,6.0,6.1,24.2,270.0,320.0,530.0,930.0,17.0,1.0,2.0,10.0,4.0,92.2,55.0,80.4,10.5,37.2,82.0,45.0,21.7,86.4,0.0,,0.442,283,0.269,0.424,510,
2025/12/2 08:49,M60,558,745,0,66,171,9,0,102,0.0,0,2.04,0.0,1653.04,8.0,1.5,25.2,270.0,320.0,530.0,930.0,18.0,2.0,2.0,10.0,2.0,91.4,54.9,81.5,9.9,36.5,81.0,47.0,22.6,81.1,0.0,,0.386,282,0.234,0.428,510,
2025/12/3 08:56,M60,554,746,0,71,173,7,0,104,0.0,0,1.91,0.0,1656.91,7.0,2.3,23.8,270.0,320.0,530.0,930.0,16.0,3.0,2.0,10.0,3.0,93.4,53.2,81.5,11.3,40.2,80.0,44.0,20.9,69.6,0.0,,0.41,284,0.25,0.426,510,
2025/12/8 08:49,M60,545,746,0,81,196,19,0,38,0.0,0,2.02,0.0,1627.02,5.0,4.9,21.7,270.0,320.0,530.0,930.0,15.0,1.0,2.0,10.0,4.0,88.4,54.6,79.0,6.8,33.8,82.0,23.0,20.7,75.4,0.0,,0.413,253,0.32,0.422,510,
2025/12/10 09:15,M60,578,803,0,85,211,22,0,43,0.0,0,2.03,0.0,1744.03,5.0,3.0,24.2,275.0,320.0,530.0,930.0,13.0,4.0,2.0,11.0,1.0,92.0,54.8,83.8,8.0,37.2,81.0,28.0,20.6,82.3,0.0,,0.403,276,0.308,0.419,510,
2025/12/15 09:19,M60,578,799,0,91,211,21,0,42,0.0,0,2.02,0.0,1744.02,4.0,1.9,21.2,275.0,320.0,530.0,930.0,16.0,3.0,2.0,11.0,4.0,94.0,58.0,85.6,7.5,36.0,83.0,21.0,17.2,61.4,0.0,,0.431,274,0.332,0.42,510,
2025/12/16 09:15,M60,582,796,0,91,211,20,0,41,0.0,0,2.02,0.0,1743.02,4.0,3.0,22.1,275.0,320.0,530.0,930.0,16.0,3.0,2.0,11.0,3.0,94.3,55.7,84.7,8.5,38.6,80.0,22.0,17.8,77.3,0.0,,0.431,272,0.335,0.422,510,
2025/12/22 08:49,M60,527,720,0,81,191,17,0,41,0.0,0,1.86,0.0,1578.86,4.5,8.5,21.9,270.0,320.0,530.0,930.0,16.0,0.0,2.0,10.0,4.0,91.5,56.6,83.3,7.5,34.9,90.0,44.0,18.6,73.3,0.0,,0.424,249,0.325,0.423,510,
2025/12/29 08:48,M60,534,720,0,76,189,17,0,38,0.0,0,1.84,0.0,1575.84,5.5,4.9,20.4,270.0,320.0,530.0,930.0,15.0,2.0,2.0,10.0,2.0,91.5,58.0,82.4,6.8,33.5,80.0,26.0,17.4,82.3,0.0,,0.402,244,0.311,0.426,510,
2025/12/30 08:44,M60,532,724,0,75,191,16,0,39,0.0,0,1.86,0.0,1578.86,6.0,7.9,21.6,270.0,320.0,570.0,930.0,22.0,3.0,2.0,10.0,2.0,89.0,56.5,81.6,6.7,32.5,83.0,32.0,19.1,78.4,0.0,,0.393,246,0.305,0.424,510,
2026/1/12 09:29,S60,874,1187,0,154,323,28,0,64,0.0,0,3.08,0.0,2633.08,2.0,4.9,19.6,220.0,250.0,600.0,1100.0,4.0,1.0,2.0,5.0,2.0,121.2,55.6,97.3,14.7,65.6,83.0,34.0,15.6,58.7,0.0,,0.477,415,0.371,0.424,510,
2026/1/13 09:25,S60,961,1173,0,164,336,30,0,67,0.0,0,3.22,0.0,2734.22,1.5,3.0,21.6,220.0,250.0,600.0,1100.0,4.0,3.0,2.0,5.0,2.0,,,,,,,,17.7,59.1,0.0,,0.488,433,0.379,0.45,510,
2026/1/20 13:22,S60,700,993,0,145,265,24,0,55,0.0,0,1.86,0.0,2183.86,2.0,3.3,23.1,220.0,250.0,600.0,1100.0,4.0,1.0,2.0,5.0,1.0,106.8,56.6,88.8,9.9,50.2,85.0,25.0,16.4,73.8,0.0,,0.547,344,0.422,0.413,510,
2026/1/22 13:26,S60,881,1232,0,172,328,29,0,67,0.0,0,2.34,0.0,2711.34,3.0,4.3,21.4,220.0,250.0,600.0,1100.0,4.0,1.0,2.0,5.0,1.0,130.4,55.5,98.1,16.5,74.9,98.0,32.0,13.6,74.4,0.0,,0.524,424,0.406,0.417,510,
2026/1/26 14:19,S60,876,1231,0,176,329,29,0,68,0.0,0,2.31,0.0,2711.31,2.5,4.2,24.5,220.0,250.0,600.0,1100.0,4.0,2.0,2.0,5.0,1.0,124.5,53.8,92.9,14.5,70.7,96.0,26.0,19.0,85.4,0.0,,0.535,426,0.413,0.416,510,
2026/1/28 13:50,S60,865,1090,121,173,322,28,0,67,0.0,0,2.23,0.0,2668.23,2.5,5.1,23.7,220.0,250.0,600.0,1100.0,4.0,3.0,1.0,6.0,1.0,122.6,57.0,92.9,14.3,65.6,80.0,33.0,15.8,81.0,0.0,,0.537,417,0.415,0.417,510,
2026/2/2 10:08,S60,758,912,103,122,275,24,0,54,0.0,0,1.95,0.0,2249.95,3.0,3.0,20.9,,,,,,,,,,109.6,57.0,93.1,11.6,52.6,86.0,25.0,15.7,92.1,1.5,,0.444,353,0.346,0.428,510,
